State,City,Year,Population,Violent Crime,Murder,Rape,Robbery,Aggravated Assault,Property Crime,Burglary,Larceny Theft,Motor Vehicle Theft,Arson
ARIZONA,CHANDLER,2018,255986,287.0,1.0,74.0,62.0,150.0,2771.0,369.0,2241.0,161.0,8.0
ARIZONA,PHOENIX,2019,1653080,5659.0,70.0,550.0,1564.0,3475.0,28196.0,4901.0,19877.0,3418.0,104.0
ARIZONA,GILBERT,2018,247463,132.0,1.0,49.0,15.0,67.0,1705.0,214.0,1409.0,82.0,5.0
ARIZONA,GILBERT,2019,247463,116.0,0.0,27.0,21.0,68.0,1416.0,185.0,1167.0,64.0,6.0
ARIZONA,GLENDALE,2018,249799,594.0,7.0,69.0,171.0,347.0,4830.0,756.0,3581.0,493.0,34.0
ARIZONA,MESA,2018,504873,967.0,10.0,143.0,192.0,622.0,5113.0,751.0,3901.0,461.0,7.0
ARIZONA,MESA,2019,504873,969.0,4.0,133.0,177.0,655.0,4813.0,722.0,3692.0,399.0,11.0
ARIZONA,PEORIA,2018,170177,201.0,2.0,33.0,29.0,137.0,1596.0,281.0,1224.0,91.0,4.0
ARIZONA,PEORIA,2019,170177,219.0,1.0,49.0,52.0,117.0,1696.0,229.0,1351.0,116.0,5.0
ARIZONA,TUCSON,2019,537392,1936.0,27.0,264.0,560.0,1085.0,9809.0,1302.0,7402.0,1105.0,76.0
ARIZONA,CHANDLER,2019,255986,295.0,2.0,63.0,55.0,175.0,2511.0,281.0,2076.0,154.0,9.0
ARIZONA,SCOTTSDALE,2018,254961,211.0,7.0,53.0,52.0,99.0,2853.0,350.0,2362.0,141.0,7.0
ARIZONA,SCOTTSDALE,2019,254961,200.0,3.0,59.0,52.0,86.0,2797.0,365.0,2301.0,131.0,11.0
ARIZONA,SURPRISE,2018,136611,67.0,3.0,10.0,20.0,34.0,1088.0,138.0,860.0,90.0,3.0
ARIZONA,SURPRISE,2019,136611,83.0,2.0,15.0,32.0,34.0,1052.0,108.0,872.0,72.0,7.0
ARIZONA,TEMPE,2018,188543,448.0,3.0,75.0,97.0,273.0,3567.0,456.0,2841.0,270.0,3.0
ARIZONA,TEMPE,2019,188543,430.0,3.0,66.0,103.0,258.0,3690.0,442.0,2952.0,296.0,8.0
ARIZONA,TUCSON,2018,537392,2027.0,26.0,255.0,670.0,1076.0,13925.0,1690.0,10959.0,1276.0,92.0
ARIZONA,PHOENIX,2018,1653080,6118.0,67.0,566.0,1438.0,4047.0,28854.0,5465.0,19461.0,3928.0,140.0
ARKANSAS,LITTLE ROCK,2018,199288,1336.0,19.0,121.0,150.0,1046.0,6236.0,1068.0,4643.0,525.0,24.0
ARKANSAS,LITTLE ROCK,2019,199288,1464.0,20.0,105.0,170.0,1169.0,5494.0,817.0,4180.0,497.0,27.0
CALIFORNIA,ANAHEIM,2019,354743,497.0,6.0,49.0,174.0,268.0,4164.0,538.0,3009.0,617.0,16.0
CALIFORNIA,ANTIOCH,2018,112956,283.0,1.0,24.0,102.0,156.0,1479.0,278.0,910.0,291.0,28.0
CALIFORNIA,ANTIOCH,2019,112956,290.0,5.0,28.0,108.0,149.0,1634.0,278.0,1020.0,336.0,31.0
CALIFORNIA,BAKERSFIELD,2018,385609,911.0,18.0,60.0,402.0,431.0,8330.0,1997.0,4875.0,1458.0,116.0
CALIFORNIA,CLOVIS,2018,111759,106.0,1.0,23.0,15.0,67.0,1271.0,160.0,1024.0,87.0,2.0
CALIFORNIA,BAKERSFIELD,2019,385609,862.0,18.0,57.0,367.0,420.0,7575.0,1888.0,4410.0,1277.0,230.0
CALIFORNIA,CARLSBAD,2019,116739,129.0,2.0,28.0,17.0,82.0,1068.0,143.0,840.0,85.0,6.0
CALIFORNIA,BURBANK,2018,105041,129.0,0.0,7.0,48.0,74.0,1362.0,141.0,1115.0,106.0,7.0
CALIFORNIA,BURBANK,2019,105041,87.0,1.0,7.0,34.0,45.0,1324.0,143.0,1068.0,113.0,2.0
CALIFORNIA,CARLSBAD,2018,116739,115.0,1.0,19.0,23.0,72.0,1081.0,169.0,830.0,82.0,5.0
CALIFORNIA,ANAHEIM,2018,354743,578.0,2.0,70.0,195.0,311.0,4399.0,733.0,2969.0,697.0,13.0
CALIFORNIA,CHULA VISTA,2018,274370,406.0,4.0,43.0,114.0,245.0,1905.0,307.0,1244.0,354.0,9.0
CALIFORNIA,BERKELEY,2018,123735,270.0,1.0,31.0,167.0,71.0,2581.0,403.0,1915.0,263.0,21.0
CALIFORNIA,BERKELEY,2019,123735,283.0,0.0,25.0,174.0,84.0,2776.0,404.0,2146.0,226.0,5.0
CALIFORNIA,MURRIETA,2019,114706,34.0,0.0,9.0,10.0,15.0,748.0,108.0,523.0,117.0,3.0
CALIFORNIA,ELK GROVE,2018,174651,198.0,0.0,16.0,40.0,142.0,1128.0,147.0,892.0,89.0,6.0
CALIFORNIA,CLOVIS,2019,111759,125.0,0.0,25.0,16.0,84.0,1120.0,165.0,875.0,80.0,2.0
CALIFORNIA,CORONA,2019,170041,125.0,3.0,31.0,45.0,46.0,1796.0,340.0,1180.0,276.0,12.0
CALIFORNIA,COSTA MESA,2018,114358,170.0,3.0,35.0,59.0,73.0,1911.0,265.0,1486.0,160.0,12.0
CALIFORNIA,COSTA MESA,2019,114358,134.0,0.0,16.0,51.0,67.0,1903.0,204.0,1515.0,184.0,11.0
CALIFORNIA,DALY CITY,2018,107928,113.0,2.0,18.0,45.0,48.0,719.0,119.0,517.0,83.0,3.0
CALIFORNIA,CONCORD,2018,130855,246.0,1.0,27.0,103.0,115.0,2151.0,261.0,1611.0,279.0,12.0
CALIFORNIA,DALY CITY,2019,107928,122.0,0.0,26.0,47.0,49.0,897.0,88.0,714.0,95.0,7.0
CALIFORNIA,CHULA VISTA,2019,274370,396.0,2.0,21.0,122.0,251.0,1847.0,228.0,1226.0,393.0,16.0
CALIFORNIA,DOWNEY,2019,113277,177.0,3.0,15.0,77.0,82.0,1344.0,166.0,888.0,290.0,2.0
CALIFORNIA,EL CAJON,2019,104497,273.0,2.0,18.0,94.0,159.0,1120.0,206.0,750.0,164.0,8.0
CALIFORNIA,EL MONTE,2018,116464,181.0,2.0,12.0,78.0,89.0,1216.0,257.0,677.0,282.0,10.0
CALIFORNIA,EL MONTE,2019,116464,138.0,1.0,15.0,63.0,59.0,910.0,183.0,497.0,230.0,2.0
CALIFORNIA,ESCONDIDO,2018,153073,237.0,1.0,28.0,71.0,137.0,1370.0,187.0,933.0,250.0,5.0
CALIFORNIA,DOWNEY,2018,113277,174.0,3.0,7.0,83.0,81.0,1353.0,243.0,785.0,325.0,8.0
CALIFORNIA,ELK GROVE,2019,174651,172.0,0.0,18.0,62.0,92.0,1221.0,144.0,989.0,88.0,4.0
CALIFORNIA,EL CAJON,2018,104497,246.0,2.0,20.0,86.0,138.0,1164.0,166.0,827.0,171.0,9.0
CALIFORNIA,SAN MATEO,2018,105839,136.0,0.0,6.0,40.0,90.0,1076.0,346.0,618.0,112.0,3.0
CALIFORNIA,LANCASTER,2018,160818,586.0,4.0,49.0,142.0,391.0,1855.0,512.0,981.0,362.0,14.0
CALIFORNIA,INGLEWOOD,2019,110726,352.0,1.0,30.0,189.0,132.0,1143.0,160.0,667.0,316.0,4.0
CALIFORNIA,FULLERTON,2018,141132,174.0,0.0,27.0,66.0,81.0,1878.0,176.0,1460.0,242.0,8.0
CALIFORNIA,HAYWARD,2018,162881,330.0,0.0,55.0,170.0,105.0,2434.0,262.0,1468.0,704.0,9.0
CALIFORNIA,GLENDALE,2019,204724,111.0,4.0,9.0,44.0,54.0,1682.0,248.0,1298.0,136.0,8.0
CALIFORNIA,GLENDALE,2018,204724,83.0,0.0,16.0,24.0,43.0,1491.0,188.0,1156.0,147.0,5.0
CALIFORNIA,GARDEN GROVE,2019,174661,241.0,1.0,24.0,86.0,130.0,1918.0,298.0,1386.0,234.0,7.0
CALIFORNIA,GARDEN GROVE,2018,174661,266.0,2.0,28.0,90.0,146.0,2096.0,329.0,1438.0,329.0,6.0
CALIFORNIA,FULLERTON,2019,141132,150.0,1.0,38.0,44.0,67.0,1607.0,120.0,1301.0,186.0,11.0
CALIFORNIA,FREMONT,2018,238024,274.0,1.0,32.0,115.0,126.0,2387.0,404.0,1620.0,363.0,6.0
CALIFORNIA,FRESNO,2019,531818,1394.0,23.0,74.0,378.0,919.0,8898.0,1478.0,6234.0,1186.0,52.0
CALIFORNIA,FRESNO,2018,531818,1489.0,18.0,93.0,473.0,905.0,8628.0,1411.0,6126.0,1091.0,129.0
CALIFORNIA,FREMONT,2019,238024,198.0,1.0,13.0,82.0,102.0,2310.0,258.0,1751.0,301.0,5.0
CALIFORNIA,HUNTINGTON BEACH,2018,203428,218.0,0.0,41.0,59.0,118.0,1871.0,227.0,1485.0,159.0,9.0
CALIFORNIA,FONTANA,2019,213964,337.0,4.0,38.0,90.0,205.0,1559.0,262.0,914.0,383.0,4.0
CALIFORNIA,FONTANA,2018,213964,331.0,5.0,27.0,94.0,205.0,1683.0,289.0,928.0,466.0,5.0
CALIFORNIA,ESCONDIDO,2019,153073,260.0,3.0,22.0,70.0,165.0,1201.0,184.0,806.0,211.0,3.0
CALIFORNIA,FAIRFIELD,2019,117883,222.0,2.0,27.0,72.0,121.0,1821.0,175.0,1374.0,272.0,11.0
CALIFORNIA,HAYWARD,2019,162881,265.0,2.0,28.0,128.0,107.0,2385.0,237.0,1528.0,620.0,16.0
CALIFORNIA,IRVINE,2019,288052,87.0,0.0,25.0,32.0,30.0,1905.0,312.0,1516.0,77.0,2.0
CALIFORNIA,JURUPA VALLEY,2019,107605,152.0,4.0,3.0,43.0,102.0,1238.0,206.0,662.0,370.0,2.0
CALIFORNIA,CORONA,2018,170041,127.0,4.0,27.0,49.0,47.0,1535.0,191.0,1082.0,262.0,10.0
CALIFORNIA,LANCASTER,2019,160818,703.0,6.0,43.0,192.0,462.0,1607.0,358.0,952.0,297.0,25.0
CALIFORNIA,INGLEWOOD,2018,110726,349.0,7.0,27.0,156.0,159.0,1382.0,221.0,822.0,339.0,7.0
CALIFORNIA,LOS ANGELES,2018,4029741,14709.0,132.0,1324.0,5139.0,8114.0,50093.0,7869.0,33364.0,8860.0,897.0
CALIFORNIA,FAIRFIELD,2018,117883,335.0,2.0,53.0,89.0,191.0,1639.0,211.0,1121.0,307.0,11.0
CALIFORNIA,LOS ANGELES,2019,4029741,14236.0,127.0,1097.0,4779.0,8233.0,48049.0,7145.0,33158.0,7746.0,735.0
CALIFORNIA,MODESTO,2019,215822,890.0,8.0,40.0,216.0,626.0,3752.0,643.0,2504.0,605.0,33.0
CALIFORNIA,MORENO VALLEY,2018,209145,396.0,7.0,17.0,141.0,231.0,2933.0,591.0,1828.0,514.0,5.0
CALIFORNIA,MORENO VALLEY,2019,209145,390.0,4.0,10.0,137.0,239.0,2728.0,439.0,1749.0,540.0,3.0
CALIFORNIA,LONG BEACH,2019,470445,1164.0,13.0,122.0,455.0,574.0,5628.0,1117.0,3434.0,1077.0,86.0
CALIFORNIA,HUNTINGTON BEACH,2019,203428,169.0,0.0,29.0,44.0,96.0,2025.0,290.0,1577.0,158.0,10.0
CALIFORNIA,IRVINE,2018,288052,82.0,0.0,22.0,22.0,38.0,1670.0,276.0,1307.0,87.0,2.0
CALIFORNIA,MODESTO,2018,215822,963.0,8.0,47.0,204.0,704.0,3965.0,564.0,2819.0,582.0,26.0
CALIFORNIA,CONCORD,2019,130855,237.0,1.0,34.0,102.0,100.0,2255.0,211.0,1744.0,300.0,11.0
CALIFORNIA,LONG BEACH,2018,470445,1702.0,11.0,107.0,527.0,1057.0,5936.0,1077.0,3688.0,1171.0,57.0
CALIFORNIA,SANTA CLARITA,2019,216589,114.0,0.0,22.0,42.0,50.0,1001.0,213.0,682.0,106.0,4.0
CALIFORNIA,OAKLAND,2018,430230,2675.0,32.0,214.0,1220.0,1209.0,10677.0,1160.0,7021.0,2496.0,106.0
CALIFORNIA,OAKLAND,2019,430230,2700.0,40.0,192.0,1337.0,1131.0,12053.0,1217.0,8324.0,2512.0,84.0
CALIFORNIA,OCEANSIDE,2018,177464,309.0,3.0,33.0,72.0,201.0,1845.0,258.0,1346.0,241.0,12.0
CALIFORNIA,OCEANSIDE,2019,177464,319.0,2.0,43.0,78.0,196.0,1810.0,191.0,1405.0,214.0,10.0
CALIFORNIA,ONTARIO,2018,177542,314.0,5.0,57.0,109.0,143.0,2344.0,346.0,1487.0,511.0,17.0
CALIFORNIA,ONTARIO,2019,177542,329.0,4.0,54.0,109.0,162.0,2070.0,354.0,1248.0,468.0,16.0
CALIFORNIA,POMONA,2018,153496,442.0,8.0,44.0,180.0,210.0,2370.0,413.0,1429.0,528.0,17.0
CALIFORNIA,POMONA,2019,153496,450.0,8.0,48.0,154.0,240.0,2107.0,408.0,1245.0,454.0,7.0
CALIFORNIA,OXNARD,2018,211737,427.0,8.0,32.0,195.0,192.0,2591.0,351.0,1831.0,409.0,20.0
CALIFORNIA,OXNARD,2019,211737,368.0,7.0,29.0,144.0,188.0,2294.0,343.0,1612.0,339.0,23.0
CALIFORNIA,PALMDALE,2018,158177,325.0,3.0,22.0,84.0,216.0,1203.0,287.0,692.0,224.0,9.0
CALIFORNIA,SAN DIEGO,2019,1436495,2558.0,19.0,263.0,672.0,1604.0,13543.0,1821.0,9193.0,2529.0,59.0
CALIFORNIA,PASADENA,2018,143448,236.0,2.0,21.0,75.0,138.0,1447.0,349.0,934.0,164.0,10.0
CALIFORNIA,PASADENA,2019,143448,329.0,1.0,21.0,78.0,229.0,1358.0,315.0,924.0,119.0,14.0
CALIFORNIA,ORANGE,2018,141108,91.0,2.0,1.0,44.0,44.0,1232.0,239.0,852.0,141.0,10.0
CALIFORNIA,ORANGE,2019,141108,87.0,1.0,6.0,39.0,41.0,1039.0,192.0,734.0,113.0,3.0
CALIFORNIA,PALMDALE,2019,158177,331.0,5.0,27.0,105.0,194.0,1094.0,202.0,691.0,201.0,6.0
CALIFORNIA,SACRAMENTO,2018,507037,1606.0,17.0,54.0,491.0,1044.0,7649.0,1348.0,4887.0,1414.0,62.0
CALIFORNIA,MURRIETA,2018,114706,49.0,2.0,5.0,18.0,24.0,661.0,128.0,435.0,98.0,2.0
CALIFORNIA,RICHMOND,2018,110982,509.0,7.0,13.0,191.0,298.0,2086.0,130.0,1092.0,864.0,17.0
CALIFORNIA,RICHMOND,2019,110982,533.0,7.0,21.0,149.0,356.0,2039.0,229.0,1195.0,615.0,17.0
CALIFORNIA,RIVERSIDE,2018,331022,801.0,9.0,73.0,271.0,448.0,5199.0,754.0,3552.0,893.0,35.0
CALIFORNIA,RIVERSIDE,2019,331022,861.0,5.0,50.0,231.0,575.0,4511.0,638.0,3164.0,709.0,20.0
CALIFORNIA,ROSEVILLE,2018,137706,125.0,2.0,15.0,60.0,48.0,1744.0,231.0,1363.0,150.0,3.0
CALIFORNIA,RIALTO,2018,104173,243.0,2.0,26.0,87.0,128.0,1408.0,226.0,872.0,310.0,7.0
CALIFORNIA,ROSEVILLE,2019,137706,100.0,2.0,14.0,38.0,46.0,1471.0,196.0,1166.0,109.0,6.0
CALIFORNIA,SACRAMENTO,2019,507037,1561.0,18.0,54.0,515.0,974.0,8002.0,1464.0,5131.0,1407.0,66.0
CALIFORNIA,SALINAS,2018,158590,484.0,9.0,54.0,156.0,265.0,2145.0,495.0,1069.0,581.0,13.0
CALIFORNIA,SALINAS,2019,158590,426.0,1.0,37.0,147.0,241.0,2032.0,460.0,997.0,575.0,12.0
CALIFORNIA,RIALTO,2019,104173,253.0,4.0,28.0,78.0,143.0,1618.0,202.0,1116.0,300.0,9.0
CALIFORNIA,SAN BERNARDINO,2019,217986,1373.0,20.0,81.0,452.0,820.0,4373.0,1078.0,2243.0,1052.0,38.0
CALIFORNIA,SAN DIEGO,2018,1436495,2630.0,18.0,310.0,653.0,1649.0,12983.0,1798.0,8698.0,2487.0,91.0
CALIFORNIA,SAN BERNARDINO,2018,217986,1422.0,21.0,87.0,462.0,852.0,4446.0,1119.0,2311.0,1016.0,32.0
CALIFORNIA,SAN FRANCISCO,2018,889282,3060.0,21.0,185.0,1521.0,1333.0,23559.0,2583.0,18998.0,1978.0,128.0
CALIFORNIA,JURUPA VALLEY,2018,107605,134.0,5.0,8.0,45.0,76.0,1389.0,201.0,791.0,397.0,0.0
CALIFORNIA,SAN JOSE,2018,1047305,2077.0,15.0,257.0,788.0,1017.0,13018.0,2253.0,6468.0,4297.0,71.0
CALIFORNIA,SAN MATEO,2019,105839,141.0,2.0,26.0,35.0,78.0,1071.0,256.0,723.0,92.0,5.0
CALIFORNIA,SANTA CLARA,2019,128682,115.0,0.0,23.0,36.0,56.0,2447.0,179.0,2064.0,204.0,14.0
CALIFORNIA,SANTA CLARITA,2018,216589,169.0,3.0,23.0,54.0,89.0,1295.0,310.0,832.0,153.0,15.0
CALIFORNIA,SANTA ROSA,2018,176325,389.0,3.0,81.0,64.0,241.0,1556.0,256.0,1096.0,204.0,14.0
CALIFORNIA,SAN FRANCISCO,2019,889282,2711.0,20.0,167.0,1356.0,1168.0,22053.0,2277.0,17760.0,2016.0,125.0
CALIFORNIA,SANTA ROSA,2019,176325,418.0,2.0,73.0,61.0,282.0,1402.0,194.0,1057.0,151.0,12.0
CALIFORNIA,SAN JOSE,2019,1047305,2237.0,17.0,311.0,665.0,1244.0,12485.0,2052.0,7272.0,3161.0,47.0
CALIFORNIA,SIMI VALLEY,2019,127222,72.0,0.0,7.0,20.0,45.0,586.0,106.0,448.0,32.0,4.0
CALIFORNIA,STOCKTON,2019,313158,2244.0,23.0,104.0,531.0,1586.0,6278.0,1124.0,4256.0,898.0,83.0
CALIFORNIA,SUNNYVALE,2018,155637,116.0,0.0,23.0,37.0,56.0,1265.0,201.0,862.0,202.0,1.0
CALIFORNIA,SUNNYVALE,2019,155637,127.0,0.0,18.0,40.0,69.0,1646.0,250.0,1209.0,187.0,6.0
CALIFORNIA,TEMECULA,2018,116411,65.0,0.0,0.0,29.0,36.0,1334.0,213.0,973.0,148.0,0.0
CALIFORNIA,SIMI VALLEY,2018,127222,110.0,0.0,25.0,31.0,54.0,802.0,112.0,618.0,72.0,0.0
CALIFORNIA,NORWALK,2018,106158,219.0,5.0,4.0,61.0,149.0,1057.0,222.0,604.0,231.0,4.0
CALIFORNIA,STOCKTON,2018,313158,2045.0,15.0,93.0,559.0,1378.0,5624.0,1158.0,3435.0,1031.0,82.0
CALIFORNIA,TEMECULA,2019,116411,87.0,0.0,2.0,44.0,41.0,1376.0,171.0,1044.0,161.0,3.0
CALIFORNIA,NORWALK,2019,106158,212.0,2.0,13.0,63.0,134.0,809.0,171.0,462.0,176.0,10.0
CALIFORNIA,THOUSAND OAKS,2019,129319,41.0,0.0,13.0,11.0,17.0,747.0,135.0,572.0,40.0,1.0
CALIFORNIA,WEST COVINA,2019,107806,139.0,2.0,12.0,66.0,59.0,1203.0,166.0,844.0,193.0,4.0
CALIFORNIA,SANTA CLARA,2018,128682,103.0,0.0,26.0,36.0,41.0,1620.0,185.0,1218.0,217.0,4.0
CALIFORNIA,WEST COVINA,2018,107806,128.0,0.0,7.0,72.0,49.0,1262.0,198.0,885.0,179.0,3.0
CALIFORNIA,VISTA,2019,102742,191.0,1.0,21.0,48.0,121.0,672.0,127.0,443.0,102.0,3.0
CALIFORNIA,THOUSAND OAKS,2018,129319,51.0,2.0,13.0,13.0,23.0,707.0,104.0,545.0,58.0,2.0
CALIFORNIA,VISALIA,2019,134224,259.0,1.0,53.0,83.0,122.0,1834.0,367.0,1201.0,266.0,9.0
CALIFORNIA,VISALIA,2018,134224,226.0,1.0,55.0,67.0,103.0,2067.0,376.0,1432.0,259.0,8.0
CALIFORNIA,VENTURA,2019,111272,243.0,1.0,38.0,57.0,147.0,1538.0,177.0,1222.0,139.0,4.0
CALIFORNIA,VISTA,2018,102742,155.0,1.0,21.0,41.0,92.0,735.0,138.0,445.0,152.0,0.0
CALIFORNIA,VALLEJO,2019,122974,483.0,5.0,50.0,171.0,257.0,2182.0,1246.0,563.0,373.0,28.0
CALIFORNIA,VALLEJO,2018,122974,474.0,4.0,42.0,170.0,258.0,2024.0,1069.0,490.0,465.0,20.0
CALIFORNIA,VACAVILLE,2019,101146,157.0,2.0,20.0,40.0,95.0,1162.0,74.0,1003.0,85.0,7.0
CALIFORNIA,VACAVILLE,2018,101146,131.0,0.0,10.0,38.0,83.0,1093.0,102.0,898.0,93.0,5.0
CALIFORNIA,TORRANCE,2019,146968,151.0,3.0,16.0,67.0,65.0,1411.0,185.0,1101.0,125.0,4.0
CALIFORNIA,TORRANCE,2018,146968,124.0,1.0,11.0,55.0,57.0,1362.0,238.0,984.0,140.0,7.0
CALIFORNIA,VENTURA,2018,111272,223.0,1.0,31.0,48.0,143.0,1728.0,274.0,1302.0,152.0,26.0
COLORADO,CENTENNIAL,2019,111646,66.0,0.0,6.0,6.0,54.0,661.0,55.0,545.0,61.0,1.0
COLORADO,COLORADO SPRINGS,2019,471124,1249.0,10.0,192.0,193.0,854.0,8270.0,1097.0,5780.0,1393.0,50.0
COLORADO,ARVADA,2018,120631,127.0,0.0,30.0,16.0,81.0,1667.0,168.0,1255.0,244.0,10.0
COLORADO,ARVADA,2019,120631,134.0,1.0,21.0,25.0,87.0,1870.0,175.0,1499.0,196.0,4.0
COLORADO,AURORA,2018,372824,1295.0,10.0,200.0,294.0,791.0,5547.0,835.0,3605.0,1107.0,30.0
COLORADO,AURORA,2019,372824,1290.0,12.0,216.0,290.0,772.0,5178.0,642.0,3408.0,1128.0,44.0
COLORADO,BOULDER,2018,108380,127.0,0.0,19.0,12.0,96.0,1595.0,188.0,1289.0,118.0,12.0
COLORADO,CENTENNIAL,2018,111646,97.0,1.0,21.0,8.0,67.0,962.0,122.0,751.0,89.0,5.0
COLORADO,COLORADO SPRINGS,2018,471124,1334.0,12.0,245.0,278.0,799.0,7661.0,1408.0,5116.0,1137.0,74.0
COLORADO,BOULDER,2019,108380,127.0,0.0,14.0,23.0,90.0,1497.0,169.0,1207.0,121.0,3.0
COLORADO,DENVER,2018,720745,2537.0,34.0,374.0,575.0,1554.0,13024.0,2053.0,8364.0,2607.0,60.0
COLORADO,FORT COLLINS,2018,168163,187.0,1.0,17.0,17.0,152.0,1868.0,197.0,1591.0,80.0,5.0
COLORADO,GREELEY,2018,107325,210.0,1.0,44.0,30.0,135.0,1312.0,183.0,989.0,140.0,11.0
COLORADO,GREELEY,2019,107325,190.0,1.0,34.0,36.0,119.0,1218.0,184.0,905.0,129.0,13.0
COLORADO,THORNTON,2018,139697,192.0,1.0,64.0,45.0,82.0,2279.0,234.0,1660.0,385.0,13.0
COLORADO,THORNTON,2019,139697,172.0,0.0,49.0,30.0,93.0,2253.0,176.0,1546.0,531.0,8.0
COLORADO,WESTMINSTER,2018,113751,174.0,7.0,30.0,41.0,96.0,1760.0,152.0,1293.0,315.0,15.0
COLORADO,WESTMINSTER,2019,113751,134.0,1.0,24.0,36.0,73.0,1683.0,193.0,1202.0,288.0,2.0
COLORADO,DENVER,2019,720745,2452.0,28.0,333.0,554.0,1537.0,12732.0,1717.0,8436.0,2579.0,50.0
COLORADO,FORT COLLINS,2019,168163,160.0,1.0,17.0,17.0,125.0,1693.0,183.0,1414.0,96.0,5.0
CONNECTICUT,BRIDGEPORT,2018,146819,474.0,5.0,34.0,146.0,289.0,1495.0,253.0,933.0,309.0,9.0
CONNECTICUT,BRIDGEPORT,2019,146819,400.0,9.0,40.0,155.0,196.0,1129.0,274.0,605.0,250.0,9.0
CONNECTICUT,HARTFORD,2018,123117,681.0,13.0,24.0,179.0,465.0,2311.0,332.0,1572.0,407.0,38.0
CONNECTICUT,HARTFORD,2019,123117,505.0,11.0,12.0,105.0,377.0,1644.0,181.0,1238.0,225.0,24.0
CONNECTICUT,STAMFORD,2018,132007,107.0,2.0,13.0,26.0,66.0,1097.0,114.0,854.0,129.0,3.0
CONNECTICUT,STAMFORD,2019,132007,107.0,2.0,11.0,38.0,56.0,850.0,104.0,678.0,68.0,1.0
CONNECTICUT,WATERBURY,2018,108378,241.0,3.0,32.0,97.0,109.0,2077.0,281.0,1393.0,403.0,6.0
CONNECTICUT,WATERBURY,2019,108378,143.0,1.0,20.0,56.0,66.0,1640.0,196.0,1110.0,334.0,7.0
FLORIDA,BOCA RATON,2019,100162,92.0,0.0,20.0,34.0,38.0,1038.0,110.0,851.0,77.0,5.0
FLORIDA,CAPE CORAL,2018,187869,123.0,0.0,6.0,28.0,89.0,1369.0,202.0,1084.0,83.0,1.0
FLORIDA,CLEARWATER,2018,116504,267.0,2.0,53.0,59.0,153.0,1680.0,185.0,1394.0,101.0,4.0
FLORIDA,CLEARWATER,2019,116504,219.0,0.0,25.0,48.0,146.0,1383.0,137.0,1163.0,83.0,3.0
FLORIDA,CORAL SPRINGS,2018,134640,82.0,0.0,14.0,29.0,39.0,1035.0,104.0,855.0,76.0,1.0
FLORIDA,CORAL SPRINGS,2019,134640,94.0,0.0,24.0,29.0,41.0,1083.0,83.0,918.0,82.0,2.0
FLORIDA,DAVIE,2018,107120,137.0,0.0,16.0,35.0,86.0,1374.0,107.0,1134.0,133.0,1.0
FLORIDA,DAVIE,2019,107120,126.0,1.0,9.0,29.0,87.0,1389.0,110.0,1135.0,144.0,8.0
FLORIDA,CAPE CORAL,2019,187869,105.0,1.0,2.0,16.0,86.0,1103.0,147.0,865.0,91.0,4.0
FLORIDA,JACKSONVILLE,2018,903213,2766.0,55.0,289.0,674.0,1748.0,15404.0,2458.0,11465.0,1481.0,45.0
FLORIDA,GAINESVILLE,2018,133400,501.0,4.0,74.0,113.0,310.0,2532.0,272.0,2087.0,173.0,5.0
FLORIDA,GAINESVILLE,2019,133400,445.0,1.0,80.0,81.0,283.0,2272.0,245.0,1832.0,195.0,2.0
FLORIDA,HIALEAH,2018,241778,281.0,1.0,18.0,84.0,178.0,2686.0,213.0,2094.0,379.0,1.0
FLORIDA,HIALEAH,2019,241778,262.0,1.0,12.0,78.0,171.0,2472.0,192.0,2021.0,259.0,3.0
FLORIDA,HOLLYWOOD,2018,155503,189.0,4.0,12.0,56.0,117.0,2101.0,249.0,1576.0,276.0,2.0
FLORIDA,FORT LAUDERDALE,2018,182150,505.0,11.0,33.0,162.0,299.0,4428.0,625.0,3368.0,435.0,5.0
FLORIDA,HOLLYWOOD,2019,155503,205.0,5.0,22.0,69.0,109.0,2064.0,273.0,1589.0,202.0,5.0
FLORIDA,MIAMI,2018,473047,1419.0,27.0,56.0,396.0,940.0,8439.0,1091.0,6517.0,831.0,30.0
FLORIDA,JACKSONVILLE,2019,903213,3070.0,62.0,250.0,605.0,2153.0,14132.0,2186.0,10706.0,1240.0,33.0
FLORIDA,LAKELAND,2018,109616,159.0,3.0,45.0,32.0,79.0,1834.0,278.0,1465.0,91.0,0.0
FLORIDA,FORT LAUDERDALE,2019,182150,591.0,9.0,49.0,225.0,308.0,4421.0,628.0,3367.0,426.0,4.0
FLORIDA,LAKELAND,2019,109616,186.0,3.0,32.0,51.0,100.0,1484.0,198.0,1180.0,106.0,6.0
FLORIDA,BOCA RATON,2018,100162,96.0,0.0,17.0,30.0,49.0,1178.0,147.0,938.0,93.0,4.0
FLORIDA,MIAMI,2019,473047,1443.0,27.0,67.0,400.0,949.0,8772.0,871.0,7086.0,815.0,22.0
FLORIDA,MIAMI GARDENS,2019,114670,403.0,17.0,9.0,114.0,263.0,2283.0,197.0,1855.0,231.0,7.0
FLORIDA,MIRAMAR,2018,143103,163.0,3.0,15.0,47.0,98.0,1043.0,106.0,792.0,145.0,2.0
FLORIDA,MIRAMAR,2019,143103,147.0,2.0,17.0,35.0,93.0,1020.0,113.0,779.0,128.0,2.0
FLORIDA,ORLANDO,2018,286679,1059.0,22.0,83.0,313.0,641.0,6688.0,776.0,5351.0,561.0,4.0
FLORIDA,PALM BAY,2018,112902,216.0,2.0,35.0,19.0,160.0,1129.0,226.0,835.0,68.0,3.0
FLORIDA,PALM BAY,2019,112902,195.0,1.0,37.0,27.0,130.0,1043.0,178.0,788.0,77.0,3.0
FLORIDA,PEMBROKE PINES,2018,173053,157.0,1.0,14.0,31.0,111.0,1616.0,123.0,1372.0,121.0,2.0
FLORIDA,PEMBROKE PINES,2019,173053,179.0,5.0,20.0,31.0,123.0,1635.0,107.0,1394.0,134.0,1.0
FLORIDA,POMPANO BEACH,2018,112045,430.0,1.0,47.0,139.0,243.0,2187.0,303.0,1588.0,296.0,2.0
FLORIDA,TAMPA,2019,392945,799.0,14.0,57.0,132.0,596.0,3287.0,494.0,2520.0,273.0,20.0
FLORIDA,ORLANDO,2019,286679,1016.0,10.0,109.0,236.0,661.0,6381.0,783.0,4996.0,602.0,7.0
FLORIDA,PORT ST. LUCIE,2019,193137,144.0,2.0,24.0,20.0,98.0,846.0,96.0,705.0,45.0,2.0
FLORIDA,ST. PETERSBURG,2018,265942,760.0,12.0,65.0,187.0,496.0,4332.0,612.0,3337.0,383.0,22.0
FLORIDA,ST. PETERSBURG,2019,265942,734.0,7.0,69.0,160.0,498.0,4233.0,549.0,3307.0,377.0,10.0
FLORIDA,TALLAHASSEE,2018,192443,674.0,5.0,112.0,133.0,424.0,4285.0,655.0,3268.0,362.0,4.0
FLORIDA,TALLAHASSEE,2019,192443,613.0,10.0,89.0,105.0,409.0,3819.0,545.0,2938.0,336.0,4.0
FLORIDA,TAMPA,2018,392945,786.0,10.0,39.0,153.0,584.0,3135.0,534.0,2372.0,229.0,16.0
FLORIDA,PORT ST. LUCIE,2018,193137,100.0,2.0,16.0,16.0,66.0,900.0,146.0,717.0,37.0,4.0
FLORIDA,MIAMI GARDENS,2018,114670,437.0,12.0,8.0,116.0,301.0,2149.0,251.0,1694.0,204.0,8.0
FLORIDA,WEST PALM BEACH,2018,111659,538.0,16.0,46.0,183.0,293.0,2146.0,333.0,1614.0,199.0,9.0
FLORIDA,WEST PALM BEACH,2019,111659,430.0,10.0,34.0,172.0,214.0,2070.0,215.0,1625.0,230.0,9.0
FLORIDA,POMPANO BEACH,2019,112045,428.0,5.0,40.0,155.0,228.0,2024.0,250.0,1508.0,266.0,3.0
GEORGIA,SANDY SPRINGS,2019,108654,72.0,0.0,5.0,17.0,50.0,925.0,141.0,717.0,67.0,1.0
GEORGIA,ATLANTA,2019,496106,2004.0,47.0,116.0,520.0,1321.0,10340.0,1420.0,7393.0,1527.0,37.0
GEORGIA,SAVANNAH-CHATHAM METROPOLITAN,2019,242265,576.0,13.0,48.0,121.0,394.0,2741.0,392.0,2091.0,258.0,9.0
GEORGIA,ATLANTA,2018,496106,1947.0,42.0,128.0,557.0,1220.0,10892.0,1475.0,7837.0,1580.0,47.0
GEORGIA,SAVANNAH-CHATHAM METROPOLITAN,2018,242265,459.0,12.0,55.0,122.0,270.0,2872.0,449.0,2076.0,347.0,5.0
GEORGIA,SANDY SPRINGS,2018,108654,61.0,2.0,6.0,23.0,30.0,997.0,165.0,753.0,79.0,1.0
HAWAII,HONOLULU,2018,982019,1253.0,10.0,201.0,414.0,628.0,14522.0,1672.0,10520.0,2330.0,147.0
HAWAII,HONOLULU,2019,982019,1298.0,11.0,182.0,462.0,643.0,14239.0,2108.0,10352.0,1779.0,122.0
IDAHO,BOISE,2018,229265,315.0,1.0,97.0,19.0,198.0,2256.0,265.0,1867.0,124.0,17.0
IDAHO,BOISE,2019,229265,293.0,1.0,72.0,15.0,205.0,1324.0,165.0,1062.0,97.0,8.0
IDAHO,MERIDIAN,2018,103774,90.0,0.0,25.0,9.0,56.0,571.0,70.0,480.0,21.0,8.0
IDAHO,MERIDIAN,2019,103774,73.0,4.0,16.0,4.0,49.0,558.0,78.0,457.0,23.0,2.0
ILLINOIS,AURORA,2018,201364,267.0,2.0,33.0,47.0,185.0,1102.0,132.0,904.0,66.0,4.0
ILLINOIS,AURORA,2019,201364,219.0,9.0,24.0,42.0,144.0,882.0,89.0,730.0,63.0,9.0
ILLINOIS,CHICAGO,2018,2719151,13044.0,257.0,886.0,4626.0,7275.0,40360.0,5445.0,30094.0,4821.0,192.0
ILLINOIS,CHICAGO,2019,2719151,12136.0,239.0,866.0,3657.0,7374.0,37550.0,4396.0,28739.0,4415.0,189.0
ILLINOIS,ELGIN,2018,113060,118.0,2.0,21.0,28.0,67.0,708.0,80.0,589.0,39.0,2.0
ILLINOIS,ELGIN,2019,113060,84.0,0.0,14.0,33.0,37.0,606.0,79.0,491.0,36.0,1.0
ILLINOIS,JOLIET,2018,148553,233.0,3.0,20.0,64.0,146.0,1036.0,232.0,745.0,59.0,27.0
ILLINOIS,JOLIET,2019,148553,353.0,11.0,25.0,43.0,274.0,1028.0,116.0,840.0,72.0,25.0
ILLINOIS,PEORIA,2018,112595,418.0,10.0,33.0,79.0,296.0,2187.0,462.0,1515.0,210.0,28.0
ILLINOIS,PEORIA,2019,112595,496.0,12.0,36.0,106.0,342.0,1770.0,355.0,1256.0,159.0,17.0
ILLINOIS,ROCKFORD,2018,146198,983.0,11.0,66.0,151.0,755.0,2611.0,611.0,1787.0,213.0,33.0
ILLINOIS,ROCKFORD,2019,146198,803.0,9.0,55.0,115.0,624.0,2247.0,449.0,1628.0,170.0,20.0
ILLINOIS,SPRINGFIELD,2018,114623,451.0,8.0,35.0,86.0,322.0,2556.0,596.0,1871.0,89.0,12.0
ILLINOIS,SPRINGFIELD,2019,114623,420.0,7.0,58.0,90.0,265.0,2401.0,515.0,1729.0,157.0,12.0
INDIANA,EVANSVILLE,2018,118765,324.0,7.0,41.0,78.0,198.0,2591.0,374.0,1972.0,245.0,14.0
INDIANA,EVANSVILLE,2019,118765,351.0,7.0,45.0,74.0,225.0,2273.0,276.0,1811.0,186.0,17.0
INDIANA,FORT WAYNE,2018,267634,509.0,23.0,71.0,149.0,266.0,3342.0,488.0,2585.0,269.0,17.0
INDIANA,FORT WAYNE,2019,267634,506.0,12.0,79.0,178.0,237.0,3404.0,447.0,2699.0,258.0,20.0
INDIANA,SOUTH BEND,2018,102397,465.0,5.0,34.0,139.0,287.0,1844.0,422.0,1265.0,157.0,17.0
INDIANA,SOUTH BEND,2019,102397,598.0,8.0,26.0,127.0,437.0,1983.0,351.0,1371.0,261.0,23.0
KANSAS,WICHITA,2018,391726,2361.0,24.0,201.0,274.0,1862.0,10710.0,1673.0,7649.0,1388.0,77.0
KANSAS,WICHITA,2019,391726,2035.0,13.0,177.0,203.0,1642.0,9502.0,1299.0,7111.0,1092.0,59.0
KENTUCKY,LEXINGTON,2018,325579,504.0,17.0,118.0,229.0,140.0,5199.0,748.0,3926.0,525.0,23.0
KENTUCKY,LEXINGTON,2019,325579,395.0,10.0,79.0,156.0,150.0,4547.0,724.0,3383.0,440.0,26.0
LOUISIANA,BATON ROUGE,2018,224790,1025.0,44.0,46.0,335.0,600.0,5982.0,1438.0,4031.0,513.0,85.0
LOUISIANA,BATON ROUGE,2019,224790,1094.0,28.0,24.0,316.0,726.0,5420.0,1006.0,4059.0,355.0,53.0
LOUISIANA,LAFAYETTE,2018,127592,359.0,3.0,14.0,87.0,255.0,2941.0,512.0,2251.0,178.0,10.0
LOUISIANA,LAFAYETTE,2019,127592,330.0,9.0,7.0,63.0,251.0,2769.0,527.0,2077.0,165.0,15.0
LOUISIANA,SHREVEPORT,2018,190808,805.0,17.0,68.0,168.0,552.0,4909.0,924.0,3556.0,429.0,44.0
LOUISIANA,SHREVEPORT,2019,190808,728.0,15.0,70.0,142.0,501.0,4282.0,787.0,3208.0,287.0,30.0
MARYLAND,BALTIMORE,2018,605436,5143.0,133.0,188.0,2318.0,2504.0,12341.0,2829.0,7493.0,2019.0,81.0
MASSACHUSETTS,LOWELL,2019,111989,204.0,2.0,10.0,40.0,152.0,747.0,145.0,508.0,94.0,9.0
MASSACHUSETTS,CAMBRIDGE,2018,114881,151.0,0.0,11.0,44.0,96.0,907.0,123.0,750.0,34.0,6.0
MASSACHUSETTS,LOWELL,2018,111989,157.0,3.0,8.0,48.0,98.0,812.0,191.0,536.0,85.0,8.0
MASSACHUSETTS,CAMBRIDGE,2019,114881,157.0,1.0,7.0,21.0,128.0,943.0,70.0,822.0,51.0,3.0
MASSACHUSETTS,SPRINGFIELD,2018,155179,762.0,10.0,54.0,237.0,461.0,1890.0,445.0,1232.0,213.0,12.0
MASSACHUSETTS,WORCESTER,2018,186188,645.0,1.0,31.0,151.0,462.0,1964.0,420.0,1387.0,157.0,6.0
MASSACHUSETTS,WORCESTER,2019,186188,544.0,3.0,19.0,104.0,418.0,1800.0,400.0,1251.0,149.0,0.0
MASSACHUSETTS,SPRINGFIELD,2019,155179,628.0,7.0,35.0,158.0,428.0,1817.0,323.0,1291.0,203.0,20.0
MICHIGAN,ANN ARBOR,2018,122571,132.0,2.0,32.0,17.0,81.0,858.0,104.0,729.0,25.0,3.0
MICHIGAN,LANSING,2018,117380,658.0,2.0,73.0,86.0,497.0,1613.0,385.0,1059.0,169.0,15.0
MICHIGAN,ANN ARBOR,2019,122571,153.0,2.0,41.0,23.0,87.0,1008.0,71.0,895.0,42.0,2.0
MICHIGAN,CLINTON TOWNSHIP,2018,101279,157.0,1.0,32.0,8.0,116.0,685.0,75.0,523.0,87.0,7.0
MICHIGAN,DETROIT,2018,671275,6290.0,127.0,494.0,1116.0,4553.0,13786.0,3421.0,7193.0,3172.0,424.0
MICHIGAN,STERLING HEIGHTS,2019,133055,68.0,0.0,13.0,7.0,48.0,599.0,57.0,484.0,58.0,6.0
MICHIGAN,CLINTON TOWNSHIP,2019,101279,123.0,0.0,17.0,11.0,95.0,596.0,59.0,473.0,64.0,4.0
MICHIGAN,LANSING,2019,117380,642.0,3.0,63.0,75.0,501.0,1482.0,314.0,1002.0,166.0,11.0
MICHIGAN,STERLING HEIGHTS,2018,133055,127.0,1.0,21.0,8.0,97.0,668.0,68.0,547.0,53.0,1.0
MICHIGAN,WARREN,2018,135160,336.0,0.0,66.0,58.0,212.0,1377.0,285.0,798.0,294.0,4.0
MICHIGAN,WARREN,2019,135160,340.0,1.0,39.0,42.0,258.0,1147.0,266.0,696.0,185.0,10.0
MICHIGAN,DETROIT,2019,671275,5956.0,116.0,449.0,990.0,4401.0,12786.0,3123.0,6693.0,2970.0,374.0
MINNESOTA,MINNEAPOLIS,2018,428261,1733.0,14.0,237.0,575.0,907.0,7684.0,1312.0,5317.0,1055.0,38.0
MINNESOTA,MINNEAPOLIS,2019,428261,1697.0,14.0,224.0,512.0,947.0,8557.0,1390.0,5871.0,1296.0,34.0
MINNESOTA,ROCHESTER,2018,117037,125.0,4.0,39.0,19.0,63.0,1048.0,139.0,857.0,52.0,1.0
MINNESOTA,ROCHESTER,2019,117037,100.0,0.0,26.0,17.0,57.0,1033.0,136.0,839.0,58.0,1.0
MINNESOTA,ST. PAUL,2018,309756,907.0,4.0,139.0,258.0,506.0,4685.0,813.0,2620.0,1252.0,55.0
MINNESOTA,ST. PAUL,2019,309756,783.0,11.0,105.0,243.0,424.0,5153.0,960.0,3017.0,1176.0,46.0
MISSOURI,SPRINGFIELD,2018,168537,1013.0,4.0,162.0,136.0,711.0,5539.0,905.0,3950.0,684.0,26.0
MISSOURI,COLUMBIA,2018,123586,179.0,3.0,45.0,38.0,93.0,1556.0,204.0,1216.0,136.0,4.0
MISSOURI,ST. LOUIS,2018,306875,2724.0,85.0,151.0,652.0,1836.0,8476.0,1282.0,6001.0,1193.0,89.0
MISSOURI,INDEPENDENCE,2018,117368,248.0,9.0,27.0,50.0,162.0,3087.0,384.0,2063.0,640.0,8.0
MISSOURI,ST. LOUIS,2019,306875,2750.0,92.0,115.0,680.0,1863.0,8224.0,1382.0,5454.0,1388.0,90.0
MISSOURI,INDEPENDENCE,2019,117368,339.0,0.0,53.0,52.0,234.0,2543.0,257.0,1778.0,508.0,8.0
MONTANA,BILLINGS,2018,110397,273.0,1.0,29.0,53.0,190.0,2685.0,334.0,1962.0,389.0,9.0
MONTANA,BILLINGS,2019,110397,359.0,6.0,36.0,46.0,271.0,2248.0,274.0,1663.0,311.0,5.0
NEBRASKA,LINCOLN,2018,288589,510.0,2.0,142.0,67.0,299.0,3884.0,589.0,3118.0,177.0,19.0
NEVADA,LAS VEGAS,2018,1644390,5129.0,68.0,766.0,1367.0,2928.0,23599.0,6152.0,13414.0,4033.0,51.0
NEVADA,NORTH LAS VEGAS,2018,246951,1148.0,13.0,74.0,202.0,859.0,2774.0,693.0,1467.0,614.0,7.0
NEVADA,HENDERSON,2019,309586,238.0,6.0,36.0,79.0,117.0,2862.0,447.0,2121.0,294.0,8.0
NEVADA,LAS VEGAS,2019,1644390,4397.0,40.0,713.0,1094.0,2550.0,22677.0,5289.0,13746.0,3642.0,64.0
NEVADA,HENDERSON,2018,309586,267.0,4.0,34.0,93.0,136.0,3063.0,543.0,2155.0,365.0,9.0
NEVADA,NORTH LAS VEGAS,2019,246951,1312.0,9.0,72.0,214.0,1017.0,2319.0,641.0,1207.0,471.0,9.0
NEVADA,RENO,2019,252341,739.0,6.0,76.0,149.0,508.0,2836.0,398.0,1874.0,564.0,7.0
NEVADA,SPARKS,2018,102354,245.0,1.0,30.0,54.0,160.0,1197.0,273.0,761.0,163.0,10.0
NEVADA,SPARKS,2019,102354,246.0,0.0,45.0,44.0,157.0,1205.0,264.0,754.0,187.0,3.0
NEVADA,RENO,2018,252341,759.0,2.0,89.0,140.0,528.0,3088.0,484.0,2082.0,522.0,6.0
NEW HAMPSHIRE,MANCHESTER,2018,111422,322.0,0.0,35.0,65.0,222.0,1300.0,155.0,1067.0,78.0,10.0
NEW HAMPSHIRE,MANCHESTER,2019,111422,303.0,3.0,29.0,65.0,206.0,1152.0,135.0,936.0,81.0,3.0
NEW JERSEY,EDISON TOWNSHIP,2018,101309,52.0,1.0,2.0,18.0,31.0,564.0,85.0,439.0,40.0,2.0
NEW JERSEY,LAKEWOOD TOWNSHIP,2019,102915,62.0,1.0,5.0,17.0,39.0,433.0,110.0,308.0,15.0,2.0
NEW JERSEY,EDISON TOWNSHIP,2019,101309,40.0,1.0,4.0,8.0,27.0,626.0,62.0,520.0,44.0,1.0
NEW JERSEY,ELIZABETH,2019,129080,438.0,3.0,31.0,173.0,231.0,1886.0,169.0,1345.0,372.0,1.0
NEW JERSEY,JERSEY CITY,2018,270175,535.0,7.0,39.0,198.0,291.0,2260.0,529.0,1454.0,277.0,7.0
NEW JERSEY,JERSEY CITY,2019,270175,623.0,4.0,40.0,169.0,410.0,2401.0,453.0,1634.0,314.0,6.0
NEW JERSEY,ELIZABETH,2018,129080,395.0,3.0,23.0,156.0,213.0,1927.0,297.0,1227.0,403.0,5.0
NEW JERSEY,PATERSON,2019,146893,569.0,4.0,28.0,218.0,319.0,1678.0,491.0,974.0,213.0,16.0
NEW JERSEY,NEWARK,2018,282258,999.0,36.0,74.0,331.0,558.0,2877.0,431.0,1297.0,1149.0,25.0
NEW JERSEY,NEWARK,2019,282258,883.0,29.0,62.0,311.0,481.0,2312.0,367.0,1168.0,777.0,6.0
NEW JERSEY,PATERSON,2018,146893,494.0,4.0,24.0,229.0,237.0,1825.0,384.0,1198.0,243.0,4.0
NEW JERSEY,WOODBRIDGE TOWNSHIP,2018,100884,64.0,0.0,4.0,15.0,45.0,647.0,65.0,543.0,39.0,4.0
NEW JERSEY,WOODBRIDGE TOWNSHIP,2019,100884,65.0,0.0,5.0,12.0,48.0,677.0,42.0,567.0,68.0,1.0
NEW JERSEY,LAKEWOOD TOWNSHIP,2018,102915,48.0,0.0,1.0,5.0,42.0,369.0,72.0,270.0,27.0,5.0
NEW MEXICO,ALBUQUERQUE,2018,560235,3905.0,40.0,248.0,1050.0,2567.0,17946.0,3220.0,11079.0,3647.0,57.0
NEW MEXICO,ALBUQUERQUE,2019,560235,3284.0,41.0,235.0,690.0,2318.0,15338.0,2926.0,9657.0,2755.0,40.0
NEW MEXICO,LAS CRUCES,2018,102203,194.0,3.0,18.0,19.0,154.0,1822.0,274.0,1423.0,125.0,3.0
NEW MEXICO,LAS CRUCES,2019,102203,256.0,6.0,36.0,23.0,191.0,1598.0,182.0,1287.0,129.0,1.0
NEW YORK,BUFFALO,2018,258219,1289.0,24.0,92.0,416.0,757.0,4497.0,1052.0,2986.0,459.0,77.0
NEW YORK,ROCHESTER,2018,207701,744.0,15.0,66.0,239.0,424.0,3154.0,511.0,2374.0,269.0,30.0
NEW YORK,AMHERST TOWN,2019,121343,55.0,1.0,6.0,20.0,28.0,826.0,81.0,732.0,13.0,2.0
NEW YORK,BUFFALO,2019,258219,1115.0,17.0,62.0,316.0,720.0,3643.0,711.0,2639.0,293.0,63.0
NEW YORK,AMHERST TOWN,2018,121343,79.0,0.0,12.0,25.0,42.0,780.0,88.0,679.0,13.0,1.0
NEW YORK,ROCHESTER,2019,207701,705.0,14.0,48.0,191.0,452.0,3190.0,535.0,2351.0,304.0,21.0
NEW YORK,SYRACUSE,2019,143129,542.0,10.0,53.0,109.0,370.0,2027.0,351.0,1413.0,263.0,24.0
NEW YORK,YONKERS,2018,202827,371.0,1.0,16.0,108.0,246.0,837.0,136.0,630.0,71.0,2.0
NEW YORK,YONKERS,2019,202827,323.0,3.0,24.0,77.0,219.0,800.0,106.0,632.0,62.0,3.0
NEW YORK,SYRACUSE,2018,143129,409.0,13.0,43.0,107.0,246.0,1874.0,331.0,1350.0,193.0,18.0
NORTH CAROLINA,GREENSBORO,2019,293298,1259.0,21.0,50.0,309.0,879.0,5651.0,1138.0,4050.0,463.0,42.0
NORTH CAROLINA,CARY,2019,170518,56.0,0.0,6.0,19.0,31.0,703.0,93.0,578.0,32.0,0.0
NORTH CAROLINA,FAYETTEVILLE,2019,210117,866.0,11.0,53.0,120.0,682.0,3398.0,549.0,2686.0,163.0,30.0
NORTH CAROLINA,HIGH POINT,2019,112526,353.0,10.0,20.0,47.0,276.0,1771.0,274.0,1318.0,179.0,9.0
NORTH CAROLINA,WILMINGTON,2019,120920,373.0,3.0,29.0,51.0,290.0,1575.0,335.0,1138.0,102.0,9.0
NORTH CAROLINA,DURHAM,2019,273759,965.0,22.0,64.0,299.0,580.0,5044.0,960.0,3747.0,337.0,16.0
NORTH DAKOTA,FARGO,2018,124906,246.0,3.0,53.0,33.0,157.0,1840.0,319.0,1373.0,148.0,5.0
NORTH DAKOTA,FARGO,2019,124906,281.0,3.0,62.0,42.0,174.0,1909.0,394.0,1327.0,188.0,14.0
OHIO,AKRON,2018,197690,756.0,12.0,112.0,170.0,462.0,3405.0,807.0,2233.0,365.0,29.0
OHIO,AKRON,2019,197690,895.0,14.0,72.0,159.0,650.0,2949.0,736.0,1956.0,257.0,34.0
OHIO,CLEVELAND,2018,384666,3019.0,40.0,256.0,1068.0,1655.0,7982.0,2079.0,4370.0,1533.0,77.0
OHIO,CLEVELAND,2019,384666,2703.0,35.0,220.0,843.0,1605.0,7762.0,2095.0,4393.0,1274.0,73.0
OHIO,DAYTON,2018,140094,670.0,16.0,88.0,206.0,360.0,2994.0,812.0,1800.0,382.0,24.0
OHIO,DAYTON,2019,140094,630.0,10.0,93.0,151.0,376.0,2635.0,701.0,1573.0,361.0,3.0
OKLAHOMA,BROKEN ARROW,2018,109663,69.0,1.0,30.0,6.0,32.0,1140.0,157.0,889.0,94.0,3.0
OKLAHOMA,NORMAN,2019,124577,162.0,0.0,39.0,22.0,101.0,1538.0,219.0,1155.0,164.0,3.0
OKLAHOMA,BROKEN ARROW,2019,109663,71.0,0.0,19.0,13.0,39.0,968.0,139.0,763.0,66.0,4.0
OKLAHOMA,NORMAN,2018,124577,172.0,2.0,42.0,25.0,103.0,1729.0,280.0,1283.0,166.0,4.0
OKLAHOMA,OKLAHOMA CITY,2019,652936,2290.0,31.0,212.0,437.0,1610.0,12562.0,2768.0,8031.0,1763.0,34.0
OKLAHOMA,TULSA,2018,403147,1993.0,21.0,192.0,366.0,1414.0,10792.0,2359.0,6812.0,1621.0,97.0
OKLAHOMA,OKLAHOMA CITY,2018,652936,2708.0,34.0,264.0,491.0,1919.0,12384.0,3050.0,7689.0,1645.0,28.0
OKLAHOMA,TULSA,2019,403147,1993.0,29.0,160.0,333.0,1471.0,10031.0,2270.0,6412.0,1349.0,91.0
OREGON,EUGENE,2018,170771,322.0,1.0,65.0,93.0,163.0,2754.0,403.0,2088.0,263.0,21.0
OREGON,EUGENE,2019,170771,304.0,2.0,62.0,79.0,161.0,2777.0,434.0,2080.0,263.0,16.0
OREGON,GRESHAM,2018,111797,218.0,0.0,34.0,53.0,131.0,1906.0,237.0,1019.0,650.0,4.0
OREGON,GRESHAM,2019,111797,227.0,1.0,40.0,54.0,132.0,1733.0,204.0,1009.0,520.0,16.0
OREGON,HILLSBORO,2018,109121,168.0,0.0,38.0,36.0,94.0,1034.0,95.0,829.0,110.0,4.0
OREGON,HILLSBORO,2019,109121,136.0,0.0,41.0,28.0,67.0,1065.0,85.0,868.0,112.0,7.0
OREGON,PORTLAND,2019,657260,1736.0,16.0,188.0,470.0,1062.0,16789.0,2125.0,11423.0,3241.0,119.0
OREGON,SALEM,2018,172022,398.0,2.0,35.0,99.0,262.0,3739.0,407.0,2809.0,523.0,22.0
OREGON,SALEM,2019,172022,312.0,0.0,17.0,66.0,229.0,3256.0,341.0,2511.0,404.0,23.0
PENNSYLVANIA,ALLENTOWN,2018,121743,187.0,4.0,25.0,81.0,77.0,1336.0,203.0,998.0,135.0,4.0
PENNSYLVANIA,PHILADELPHIA,2019,1586916,7224.0,163.0,494.0,2576.0,3991.0,22884.0,2789.0,17489.0,2606.0,226.0
PENNSYLVANIA,PHILADELPHIA,2018,1586916,6956.0,148.0,536.0,2481.0,3791.0,23172.0,3036.0,17491.0,2645.0,212.0
PENNSYLVANIA,PITTSBURGH,2019,302544,784.0,18.0,83.0,274.0,409.0,3648.0,577.0,2780.0,291.0,50.0
PENNSYLVANIA,PITTSBURGH,2018,302544,827.0,30.0,54.0,329.0,414.0,4159.0,636.0,3201.0,322.0,52.0
PENNSYLVANIA,ALLENTOWN,2019,121743,230.0,4.0,32.0,76.0,118.0,1261.0,261.0,907.0,93.0,4.0
RHODE ISLAND,PROVIDENCE,2018,180169,428.0,5.0,62.0,119.0,242.0,2829.0,393.0,2114.0,322.0,8.0
RHODE ISLAND,PROVIDENCE,2019,180169,384.0,5.0,51.0,96.0,232.0,2302.0,321.0,1766.0,215.0,2.0
SOUTH CAROLINA,CHARLESTON,2018,137092,176.0,4.0,19.0,34.0,119.0,1408.0,137.0,1109.0,162.0,3.0
SOUTH CAROLINA,CHARLESTON,2019,137092,254.0,4.0,24.0,41.0,185.0,1333.0,157.0,992.0,184.0,3.0
SOUTH CAROLINA,COLUMBIA,2018,133540,524.0,7.0,54.0,104.0,359.0,3455.0,479.0,2567.0,409.0,17.0
SOUTH CAROLINA,COLUMBIA,2019,133540,467.0,11.0,35.0,106.0,315.0,3109.0,456.0,2327.0,326.0,6.0
SOUTH DAKOTA,SIOUX FALLS,2018,180335,371.0,3.0,51.0,54.0,263.0,2447.0,299.0,1887.0,261.0,16.0
SOUTH DAKOTA,SIOUX FALLS,2019,180335,352.0,0.0,38.0,24.0,290.0,2026.0,244.0,1532.0,250.0,13.0
TENNESSEE,KNOXVILLE,2019,188653,630.0,10.0,88.0,120.0,412.0,3888.0,556.0,2875.0,457.0,3.0
TENNESSEE,CHATTANOOGA,2018,180397,919.0,8.0,78.0,168.0,665.0,5238.0,705.0,3831.0,702.0,3.0
TENNESSEE,CHATTANOOGA,2019,180397,918.0,11.0,78.0,98.0,731.0,4605.0,571.0,3505.0,529.0,20.0
TENNESSEE,CLARKSVILLE,2019,156264,460.0,6.0,39.0,48.0,367.0,2241.0,263.0,1747.0,231.0,6.0
TENNESSEE,KNOXVILLE,2018,188653,798.0,16.0,71.0,153.0,558.0,4465.0,657.0,3272.0,536.0,5.0
TENNESSEE,CLARKSVILLE,2018,156264,510.0,12.0,55.0,64.0,379.0,2232.0,299.0,1772.0,161.0,12.0
TENNESSEE,MEMPHIS,2018,652226,6085.0,76.0,254.0,1410.0,4345.0,20155.0,4118.0,13777.0,2260.0,135.0
TENNESSEE,MEMPHIS,2019,652226,6238.0,90.0,216.0,1150.0,4782.0,19088.0,3733.0,13482.0,1873.0,163.0
TENNESSEE,NASHVILLE,2019,686492,3404.0,30.0,204.0,923.0,2247.0,12825.0,1667.0,9810.0,1348.0,22.0
TENNESSEE,MURFREESBORO,2018,140702,322.0,7.0,46.0,56.0,213.0,2077.0,296.0,1648.0,133.0,4.0
TENNESSEE,MURFREESBORO,2019,140702,269.0,1.0,31.0,48.0,189.0,1959.0,282.0,1559.0,118.0,3.0
TENNESSEE,NASHVILLE,2018,686492,3683.0,40.0,232.0,944.0,2467.0,12776.0,1687.0,9631.0,1458.0,25.0
TEXAS,AMARILLO,2019,201082,767.0,7.0,90.0,134.0,536.0,3804.0,737.0,2581.0,486.0,21.0
TEXAS,KILLEEN,2018,148007,292.0,3.0,67.0,79.0,143.0,1703.0,465.0,1119.0,119.0,17.0
TEXAS,ABILENE,2018,122480,272.0,2.0,60.0,38.0,172.0,1848.0,417.0,1304.0,127.0,1.0
TEXAS,ABILENE,2019,122480,252.0,2.0,44.0,35.0,171.0,1566.0,265.0,1198.0,103.0,4.0
TEXAS,ALLEN,2018,103168,60.0,0.0,18.0,11.0,31.0,610.0,64.0,522.0,24.0,0.0
TEXAS,ALLEN,2019,103168,48.0,0.0,11.0,10.0,27.0,547.0,47.0,472.0,28.0,0.0
TEXAS,BROWNSVILLE,2019,184461,368.0,0.0,0.0,69.0,299.0,2231.0,307.0,1860.0,64.0,8.0
TEXAS,ARLINGTON,2018,400920,918.0,4.0,116.0,187.0,611.0,6085.0,804.0,4660.0,621.0,7.0
TEXAS,AUSTIN,2018,973344,1915.0,16.0,407.0,515.0,977.0,15268.0,1984.0,12088.0,1196.0,36.0
TEXAS,AUSTIN,2019,973344,1899.0,13.0,281.0,437.0,1168.0,17563.0,1950.0,14206.0,1407.0,56.0
TEXAS,BEAUMONT,2018,119368,636.0,5.0,54.0,173.0,404.0,2222.0,483.0,1528.0,211.0,18.0
TEXAS,BEAUMONT,2019,119368,588.0,8.0,41.0,141.0,398.0,2118.0,473.0,1496.0,149.0,11.0
TEXAS,CARROLLTON,2018,138216,93.0,2.0,26.0,29.0,36.0,1130.0,187.0,826.0,117.0,0.0
TEXAS,AMARILLO,2018,201082,786.0,5.0,106.0,136.0,539.0,4195.0,731.0,3017.0,447.0,17.0
TEXAS,CARROLLTON,2019,138216,97.0,1.0,15.0,37.0,44.0,1052.0,152.0,764.0,136.0,1.0
TEXAS,DALLAS,2019,1362465,5801.0,109.0,395.0,2188.0,3109.0,22995.0,4993.0,12795.0,5207.0,70.0
TEXAS,GRAND PRAIRIE,2018,196535,241.0,3.0,48.0,64.0,126.0,2087.0,289.0,1566.0,232.0,8.0
TEXAS,IRVING,2018,243940,242.0,6.0,32.0,98.0,106.0,2827.0,377.0,2134.0,316.0,9.0
TEXAS,DENTON,2019,139262,191.0,1.0,69.0,44.0,77.0,1615.0,193.0,1308.0,114.0,0.0
TEXAS,COLLEGE STATION,2019,116565,120.0,1.0,23.0,22.0,74.0,1133.0,205.0,834.0,94.0,0.0
TEXAS,CORPUS CHRISTI6,2018,328614,1214.0,14.0,147.0,239.0,814.0,5993.0,1083.0,4465.0,445.0,34.0
TEXAS,CORPUS CHRISTI6,2019,328614,1220.0,11.0,126.0,229.0,854.0,5450.0,923.0,4127.0,400.0,28.0
TEXAS,DALLAS,2018,1362465,4763.0,81.0,434.0,1744.0,2504.0,21200.0,4773.0,11987.0,4440.0,106.0
TEXAS,BROWNSVILLE,2018,184461,313.0,2.0,12.0,75.0,224.0,2559.0,288.0,2207.0,64.0,5.0
TEXAS,DENTON,2018,139262,203.0,2.0,59.0,46.0,96.0,1743.0,213.0,1404.0,126.0,1.0
TEXAS,EL PASO,2018,688442,1247.0,6.0,202.0,180.0,859.0,5187.0,564.0,4249.0,374.0,6.0
TEXAS,GRAND PRAIRIE,2019,196535,216.0,4.0,33.0,75.0,104.0,1936.0,240.0,1444.0,252.0,8.0
TEXAS,COLLEGE STATION,2018,116565,114.0,1.0,29.0,15.0,69.0,1226.0,134.0,1028.0,64.0,0.0
TEXAS,FRISCO,2018,187889,90.0,1.0,28.0,11.0,50.0,1226.0,125.0,1046.0,55.0,1.0
TEXAS,FRISCO,2019,187889,78.0,1.0,25.0,15.0,37.0,1257.0,131.0,1068.0,58.0,5.0
TEXAS,GARLAND,2018,239577,333.0,7.0,52.0,119.0,155.0,3050.0,542.0,2100.0,408.0,10.0
TEXAS,GARLAND,2019,239577,354.0,10.0,68.0,121.0,155.0,3363.0,508.0,2408.0,447.0,5.0
TEXAS,EL PASO,2019,688442,1200.0,9.0,175.0,176.0,840.0,4909.0,541.0,3972.0,396.0,24.0
TEXAS,IRVING,2019,243940,292.0,2.0,23.0,158.0,109.0,2887.0,329.0,2228.0,330.0,6.0
TEXAS,ARLINGTON,2019,400920,957.0,8.0,116.0,184.0,649.0,5498.0,611.0,4281.0,606.0,9.0
TEXAS,KILLEEN,2019,148007,296.0,5.0,59.0,61.0,171.0,1594.0,411.0,1025.0,158.0,16.0
TEXAS,ODESSA,2019,119545,603.0,3.0,72.0,55.0,473.0,1644.0,213.0,1212.0,219.0,8.0
TEXAS,LAREDO,2019,264214,451.0,2.0,55.0,84.0,310.0,2442.0,395.0,1908.0,139.0,25.0
TEXAS,LEAGUE CITY,2018,108275,44.0,1.0,19.0,9.0,15.0,883.0,90.0,723.0,70.0,8.0
TEXAS,LEAGUE CITY,2019,108275,63.0,1.0,27.0,6.0,29.0,725.0,83.0,600.0,42.0,1.0
TEXAS,LUBBOCK,2018,257372,1235.0,5.0,114.0,229.0,887.0,5543.0,1098.0,3823.0,622.0,34.0
TEXAS,MCALLEN,2019,144363,76.0,0.0,19.0,18.0,39.0,1725.0,66.0,1646.0,13.0,2.0
TEXAS,MCKINNEY,2018,189555,160.0,0.0,35.0,46.0,79.0,1009.0,119.0,813.0,77.0,7.0
TEXAS,MCALLEN,2018,144363,57.0,0.0,20.0,14.0,23.0,1961.0,97.0,1841.0,23.0,2.0
TEXAS,MESQUITE,2018,144558,313.0,4.0,29.0,109.0,171.0,2646.0,404.0,1773.0,469.0,4.0
TEXAS,MESQUITE,2019,144558,335.0,5.0,26.0,110.0,194.0,2514.0,321.0,1800.0,393.0,3.0
TEXAS,MIDLAND,2018,140072,179.0,3.0,34.0,25.0,117.0,1339.0,193.0,1002.0,144.0,11.0
TEXAS,MIDLAND,2019,140072,201.0,2.0,35.0,20.0,144.0,1749.0,175.0,1363.0,211.0,1.0
TEXAS,ODESSA,2018,119545,536.0,3.0,48.0,50.0,435.0,1453.0,239.0,1028.0,186.0,5.0
TEXAS,LUBBOCK,2019,257372,1261.0,7.0,134.0,234.0,886.0,5584.0,1189.0,3840.0,555.0,37.0
TEXAS,MCKINNEY,2019,189555,133.0,1.0,32.0,20.0,80.0,939.0,125.0,742.0,72.0,5.0
TEXAS,PASADENA,2018,154101,355.0,3.0,56.0,90.0,206.0,1792.0,267.0,1356.0,169.0,4.0
TEXAS,SAN ANTONIO,2019,1539328,5171.0,53.0,717.0,926.0,3475.0,32384.0,4142.0,24750.0,3492.0,88.0
TEXAS,SAN ANGELO,2019,101084,176.0,4.0,30.0,13.0,129.0,1576.0,260.0,1202.0,114.0,6.0
TEXAS,RICHARDSON,2018,119480,67.0,2.0,5.0,25.0,35.0,1224.0,188.0,932.0,104.0,3.0
TEXAS,RICHARDSON,2019,119480,84.0,1.0,12.0,31.0,40.0,1177.0,171.0,882.0,124.0,0.0
TEXAS,ROUND ROCK,2018,127354,79.0,1.0,20.0,13.0,45.0,1170.0,156.0,988.0,26.0,2.0
TEXAS,ROUND ROCK,2019,127354,77.0,1.0,10.0,28.0,38.0,1160.0,70.0,1065.0,25.0,2.0
TEXAS,SAN ANGELO,2018,101084,198.0,1.0,52.0,24.0,121.0,1611.0,280.0,1221.0,110.0,1.0
TEXAS,PEARLAND,2018,124179,70.0,0.0,11.0,15.0,44.0,887.0,104.0,734.0,49.0,3.0
TEXAS,PEARLAND,2019,124179,52.0,3.0,16.0,20.0,13.0,1053.0,141.0,866.0,46.0,1.0
TEXAS,SAN ANTONIO,2018,1539328,4916.0,58.0,680.0,873.0,3305.0,30590.0,4642.0,22993.0,2955.0,88.0
TEXAS,TYLER,2018,106159,178.0,0.0,32.0,28.0,118.0,1375.0,179.0,1131.0,65.0,0.0
TEXAS,TYLER,2019,106159,191.0,0.0,33.0,22.0,136.0,1555.0,215.0,1258.0,82.0,0.0
TEXAS,WACO,2018,138091,376.0,2.0,56.0,57.0,261.0,2385.0,576.0,1651.0,158.0,11.0
TEXAS,WACO,2019,138091,377.0,5.0,52.0,53.0,267.0,2247.0,404.0,1703.0,140.0,4.0
TEXAS,WICHITA FALLS,2018,104738,199.0,4.0,45.0,67.0,83.0,1523.0,304.0,1120.0,99.0,0.0
TEXAS,WICHITA FALLS,2019,104738,186.0,3.0,48.0,34.0,101.0,1495.0,258.0,1134.0,103.0,1.0
TEXAS,LAREDO,2018,264214,443.0,6.0,77.0,76.0,284.0,3170.0,351.0,2732.0,87.0,18.0
TEXAS,PASADENA,2019,154101,393.0,1.0,44.0,85.0,263.0,1876.0,281.0,1357.0,238.0,4.0
UTAH,PROVO,2019,117986,74.0,1.0,26.0,5.0,42.0,795.0,80.0,667.0,48.0,1.0
UTAH,WEST JORDAN,2018,115392,130.0,0.0,24.0,26.0,80.0,1492.0,165.0,1169.0,158.0,1.0
UTAH,SALT LAKE CITY,2018,202633,718.0,3.0,125.0,201.0,389.0,5969.0,817.0,4417.0,735.0,13.0
UTAH,WEST VALLEY,2018,137132,488.0,6.0,93.0,79.0,310.0,2446.0,409.0,1616.0,421.0,9.0
UTAH,PROVO,2018,117986,115.0,1.0,42.0,9.0,63.0,1012.0,120.0,823.0,69.0,2.0
UTAH,WEST JORDAN,2019,115392,112.0,0.0,13.0,11.0,88.0,1187.0,132.0,969.0,86.0,0.0
UTAH,WEST VALLEY,2019,137132,474.0,4.0,88.0,71.0,311.0,2055.0,310.0,1434.0,311.0,8.0
UTAH,SALT LAKE CITY,2019,202633,673.0,7.0,119.0,191.0,356.0,5395.0,608.0,4161.0,626.0,13.0
VIRGINIA,ALEXANDRIA,2018,162588,125.0,1.0,16.0,36.0,72.0,1082.0,59.0,863.0,160.0,3.0
VIRGINIA,ALEXANDRIA,2019,162588,137.0,1.0,7.0,44.0,85.0,1057.0,41.0,857.0,159.0,2.0
VIRGINIA,CHESAPEAKE,2018,242310,506.0,1.0,55.0,70.0,380.0,2404.0,332.0,1933.0,139.0,5.0
VIRGINIA,CHESAPEAKE,2019,242310,524.0,3.0,51.0,76.0,394.0,2427.0,253.0,2039.0,135.0,7.0
VIRGINIA,NEWPORT NEWS,2018,178734,445.0,16.0,49.0,100.0,280.0,2586.0,412.0,1949.0,225.0,17.0
VIRGINIA,NEWPORT NEWS,2019,178734,472.0,8.0,27.0,78.0,359.0,2097.0,228.0,1711.0,158.0,21.0
VIRGINIA,NORFOLK,2018,244347,554.0,20.0,63.0,144.0,327.0,3994.0,321.0,3295.0,378.0,8.0
VIRGINIA,NORFOLK,2019,244347,601.0,13.0,70.0,140.0,378.0,3850.0,439.0,3070.0,341.0,5.0
VIRGINIA,ROANOKE,2018,100042,208.0,5.0,26.0,53.0,124.0,2009.0,257.0,1605.0,147.0,10.0
VIRGINIA,ROANOKE,2019,100042,209.0,6.0,28.0,45.0,130.0,2069.0,226.0,1664.0,179.0,8.0
VIRGINIA,VIRGINIA BEACH,2018,451001,275.0,6.0,36.0,89.0,144.0,3650.0,298.0,3107.0,245.0,20.0
VIRGINIA,VIRGINIA BEACH,2019,451001,250.0,15.0,42.0,87.0,106.0,3615.0,241.0,3099.0,275.0,15.0
WASHINGTON,EVERETT,2019,111091,168.0,4.0,20.0,38.0,106.0,1965.0,220.0,1380.0,365.0,7.0
WASHINGTON,BELLEVUE,2018,146913,95.0,0.0,14.0,34.0,47.0,2230.0,255.0,1814.0,161.0,8.0
WASHINGTON,BELLEVUE,2019,146913,107.0,1.0,15.0,36.0,55.0,2032.0,206.0,1688.0,138.0,2.0
WASHINGTON,EVERETT,2018,111091,182.0,1.0,23.0,50.0,108.0,2444.0,349.0,1561.0,534.0,6.0
WASHINGTON,KENT,2019,129870,221.0,1.0,45.0,101.0,74.0,2647.0,418.0,1750.0,479.0,3.0
WASHINGTON,SPOKANE,2018,218222,814.0,4.0,190.0,109.0,511.0,7490.0,978.0,5698.0,814.0,19.0
WASHINGTON,SPOKANE,2019,218222,761.0,2.0,125.0,136.0,498.0,6308.0,856.0,4821.0,631.0,25.0
WASHINGTON,KENT,2018,129870,238.0,4.0,47.0,101.0,86.0,3065.0,409.0,2120.0,536.0,9.0
WISCONSIN,GREEN BAY,2018,105281,247.0,1.0,43.0,25.0,178.0,817.0,106.0,663.0,48.0,3.0
WISCONSIN,GREEN BAY,2019,105281,242.0,2.0,35.0,27.0,178.0,812.0,109.0,640.0,63.0,3.0
WISCONSIN,MADISON,2018,258455,501.0,2.0,57.0,90.0,352.0,2922.0,416.0,2264.0,242.0,5.0
WISCONSIN,MADISON,2019,258455,434.0,0.0,49.0,97.0,288.0,2834.0,428.0,2134.0,272.0,5.0
WISCONSIN,MILWAUKEE,2018,595619,4190.0,53.0,284.0,1080.0,2773.0,8606.0,1967.0,4266.0,2373.0,88.0
WISCONSIN,MILWAUKEE,2019,595619,3429.0,44.0,169.0,761.0,2455.0,6241.0,1389.0,3325.0,1527.0,84.0
